Activity Type,Date,Distance,Calories,Time,Avg HR,Max HR,Avg Pace,Elev Gain
Running,2019-09-27 07:16:58,10.02,666,00:50:00,154,186,4:59,37
Running,2019-09-22 10:37:17,20.99,1388,01:29:39,176,189,4:16,476
Running,2019-09-20 07:08:07,10,729,00:53:56,154,175,5:24,45
Running,2019-09-18 07:03:26,10.01,696,00:50:34,156,169,5:03,54
Running,2019-09-16 06:59:14,10.01,716,00:53:01,160,185,5:18,52
Running,2019-09-14 09:40:40,10,677,00:50:59,150,165,5:06,50
Running,2019-09-10 06:49:21,11,656,00:56:53,139,176,5:10,65
Running,2019-09-05 06:42:47,10.01,640,00:55:23,146,168,5:32,46
Running,2019-09-03 06:52:36,10.01,708,00:55:23,153,170,5:32,47
Running,2019-08-31 09:08:28,10.01,666,00:53:14,145,153,5:19,43
Running,2019-08-29 07:13:59,10,698,00:52:26,155,175,5:14,49
Running,2019-08-26 07:22:59,10.01,636,00:54:28,141,160,5:27,44
Running,2019-08-24 17:37:16,5.01,359,00:27:41,146,164,5:32,--
Running,2019-08-22 07:51:03,10.01,649,00:53:24,145,162,5:20,40
Running,2019-08-20 07:58:13,10.01,672,00:54:15,145,169,5:25,45
Running,2019-08-16 07:27:32,10.01,638,00:53:11,145,162,5:19,46
Running,2019-08-14 08:48:20,10.01,645,00:50:42,152,175,5:04,43
Running,2019-08-09 07:11:33,10.01,776,00:55:00,158,178,5:30,50
Running,2019-08-07 07:54:47,10,647,00:54:13,144,169,5:25,43
Running,2019-08-04 09:15:10,10.01,672,00:50:20,152,174,5:02,39
Running,2019-08-01 07:31:56,10,600,00:52:28,140,180,5:15,56
Running,2019-07-23 07:20:14,10,628,00:59:42,138,159,5:58,151
Running,2019-07-21 07:15:05,10,653,00:56:09,143,168,5:37,151
Running,2019-07-09 07:28:06,10.01,639,00:53:00,145,163,5:18,38
Running,2019-07-07 16:59:36,10.01,726,00:50:23,157,180,5:02,43
Running,2019-07-05 07:25:43,10,641,00:55:38,139,160,5:34,59
Running,2019-07-03 07:25:00,10.01,643,00:47:49,159,190,4:47,38
Running,2019-06-30 08:01:13,20.57,1467,01:29:12,176,187,4:20,55
Running,2019-06-28 08:26:59,9.98,628,00:52:49,140,167,5:18,57
Running,2019-06-26 07:26:55,10,629,00:50:11,145,156,5:01,53
Running,2019-06-24 19:15:31,10.01,675,00:51:28,148,156,5:09,39
Running,2019-06-21 07:12:53,10.01,663,00:50:54,148,156,5:05,43
Running,2019-06-13 07:24:35,10.01,682,00:48:32,160,187,4:51,47
Running,2019-06-12 06:50:30,10.01,671,00:50:15,151,169,5:01,52
Running,2019-06-08 08:33:07,10.01,695,00:50:10,154,168,5:01,55
Running,2019-05-26 10:39:47,10,649,00:48:01,153,175,4:48,53
Running,2019-05-24 07:05:19,10.01,722,00:52:00,159,176,5:12,47
Running,2019-05-18 14:00:34,20.98,1344,01:29:11,168,187,4:15,254
Running,2019-05-17 07:35:20,5.01,388,00:28:56,148,170,5:47,25
Running,2019-05-14 07:31:01,10.01,703,00:50:14,152,161,5:01,49
Running,2019-05-10 07:20:40,10.01,685,00:49:35,151,170,4:57,69
Running,2019-05-09 07:10:16,10,567,00:49:53,138,169,4:59,58
Running,2019-05-07 07:35:19,10.01,666,00:49:43,151,170,4:58,63
Running,2019-05-05 10:31:20,10.01,716,00:50:31,160,182,5:03,57
Running,2019-05-03 07:44:33,10.01,571,00:53:42,135,164,5:22,64
Running,2019-04-26 07:16:48,10.03,614,00:48:31,146,169,4:50,53
Running,2019-04-24 07:18:21,10.01,607,00:49:26,147,175,4:56,51
Running,2019-04-22 07:06:40,10.01,708,00:51:22,157,174,5:08,40
Running,2019-04-20 09:02:47,10.01,702,00:52:07,154,170,5:12,32
Running,2019-03-23 10:24:33,20,1427,01:42:00,--,--,5:06,--
Running,2019-03-12 10:23:05,10,736,00:55:00,--,--,5:30,--
Running,2019-02-23 10:23:23,20,149,01:38:00,--,--,4:54,--
Running,2019-02-18 07:35:56,10.01,695,00:53:09,148,167,5:19,616
Running,2019-02-08 10:22:45,10,736,00:55:00,--,--,5:30,--
Running,2019-02-06 09:04:26,5.01,391,00:27:05,159,182,5:24,--
Running,2019-02-05 10:21:55,10,728,00:57:00,--,--,5:42,--
Running,2019-01-22 09:00:48,5.01,387,00:26:32,160,179,5:18,--
Running,2019-01-20 12:47:47,10,742,00:53:00,--,--,5:18,--
Running,2019-01-16 09:10:53,5,358,00:26:32,148,158,5:18,--
Running,2018-12-25 13:31:30,18.31,1277,01:33:38,157,172,5:07,56
Running,2018-12-18 07:30:51,10.01,676,00:52:13,152,178,5:13,18
Swimming,2018-12-11 14:50:37,1,200,00:20:27,--,--,2:03,--
Swimming,2018-11-30 08:50:43,0.7,140,00:14:54,--,--,2:08,--
Swimming,2018-11-27 15:02:04,1,200,00:20:41,--,--,2:04,--
Running,2018-11-25 01:30:15,20,1483,01:46:00,--,--,5:18,--
Running,2018-11-16 08:59:38,10,639,00:54:58,140,170,5:30,140
Running,2018-11-14 08:34:09,12.01,774,01:03:06,146,174,5:15,161
Running,2018-11-12 09:42:19,10,665,00:53:53,147,176,5:23,158
Running,2018-11-11 08:54:24,5.01,324,00:24:40,148,165,4:55,14
Cycling,2018-11-10 11:54:46,39.49,1192,02:46:43,122,148,4:22,218
Swimming,2018-11-09 14:18:25,0.484,99,00:08:49,--,--,1:50,--
Swimming,2018-11-08 13:14:32,1.047,215,00:18:06,--,--,1:44,1.055
Running,2018-11-08 09:16:59,7.33,460,00:36:52,151,181,5:02,44
Running,2018-11-07 15:53:40,6.38,516,01:36:20,99,154,15:06,29
Running,2018-11-07 09:09:01,7.25,451,00:39:12,139,162,5:25,40
Running,2018-11-06 09:31:26,10.01,670,00:56:09,145,171,5:37,150
Running,2018-11-05 08:39:50,10.7,756,00:58:05,151,181,5:26,189
Running,2018-11-04 15:14:56,4.21,366,01:23:17,89,139,19:48,56
Swimming,2018-11-02 19:04:03,1,200,00:19:53,--,--,1:59,--
Running,2018-10-30 07:30:03,10,760,00:50:00,--,--,5:00,--
Running,2018-10-27 16:46:13,5.01,343,00:25:11,150,175,5:02,--
Swimming,2018-10-16 08:51:28,1,201,00:21:31,--,--,2:09,--
Running,2018-10-14 13:30:26,21.23,1468,01:32:16,172,187,4:21,75
Running,2018-10-13 18:00:13,10,657,00:54:00,--,--,5:24,--
Swimming,2018-10-10 09:10:16,1,202,00:21:19,--,--,2:08,--
Swimming,2018-10-07 19:00:13,1,353,00:29:00,--,--,2:54,--
Running,2018-10-04 08:00:33,10,657,00:54:00,--,--,5:24,--
Swimming,2018-10-02 09:28:51,0.9,180,00:20:12,--,--,1:58,--
Running,2018-09-28 10:27:19,10,669,00:55:00,--,--,5:30,--
Swimming,2018-09-18 08:32:52,1,200,00:20:12,--,--,2:01,--
Swimming,2018-09-11 08:18:28,1,200,00:20:16,--,--,2:02,--
Running,2018-09-10 07:45:43,10.01,645,00:52:38,143,158,5:16,21
Running,2018-09-06 14:26:35,5.01,326,00:23:34,152,176,4:42,--
Swimming,2018-09-05 02:02:21,0.5,100,00:11:29,--,--,2:18,--
Running,2018-09-03 20:50:13,10,685,00:51:32,150,172,5:09,--
Swimming,2018-09-03 07:09:40,1,200,00:22:52,--,--,2:17,--
Swimming,2018-08-30 08:54:59,1,200,00:20:26,--,--,2:03,--
Running,2018-08-29 07:46:51,10,669,00:55:00,--,--,5:30,--
Swimming,2018-08-27 08:24:23,1,200,00:21:14,--,--,2:07,--
Running,2018-08-26 12:16:22,21,1553,01:51:00,--,--,5:17,--
Running,2018-08-24 07:30:11,10,700,00:50:00,--,--,5:00,--
Swimming,2018-08-21 18:12:47,1.1,220,00:23:14,--,--,2:07,--
Running,2018-08-15 14:10:44,20.01,1313,01:35:57,155,190,4:48,69
Running,2018-08-13 08:00:01,10,657,00:54:00,--,--,5:24,--
Running,2018-08-09 08:46:42,10,669,00:55:00,--,--,5:30,--
Running,2018-07-12 08:30:49,10,669,00:55:00,--,--,5:30,--
Running,2018-07-04 22:05:57,10,669,00:55:00,--,--,5:30,--
Swimming,2018-07-03 10:50:35,1.05,210,00:20:59,--,--,2:00,--
Swimming,2018-06-25 11:10:15,1,200,00:20:10,--,--,2:01,--
Running,2018-06-24 08:04:52,21.07,1449,01:27:53,175,191,4:10,1.11
Swimming,2018-06-20 08:38:27,1,200,00:19:53,--,--,1:59,--
Running,2018-06-19 08:17:48,10,672,00:48:00,--,--,4:48,--
Swimming,2018-06-06 08:31:38,1,200,00:19:54,--,--,1:59,--
Running,2018-06-05 07:50:23,10,700,00:50:00,--,--,5:00,--
Swimming,2018-05-29 19:51:25,1,200,00:19:50,--,--,1:59,--
Swimming,2018-05-23 19:04:53,1.5,300,00:29:15,--,--,1:57,--
Running,2018-05-23 10:05:43,10,658,00:47:00,--,--,4:42,--
Swimming,2018-05-18 08:16:12,1,200,00:20:02,--,--,2:00,--
Swimming,2018-05-17 17:16:24,1,200,00:19:03,--,--,1:54,--
Running,2018-05-13 14:26:20,12,812,00:58:00,--,--,4:50,--
Running,2018-05-10 13:16:35,6.76,715,02:41:59,93,137,23:59,197
Running,2018-05-09 10:02:58,10.05,714,00:51:11,151,174,5:05,43
Running,2018-05-08 08:57:11,10.32,712,00:51:13,149,174,4:58,44
Swimming,2018-04-24 09:15:28,1,200,00:19:06,--,--,1:55,--
Swimming,2018-04-20 08:26:48,1,200,00:19:26,--,--,1:55,--
Running,2018-04-18 08:16:34,12,798,00:57:00,--,--,4:45,--
Swimming,2018-04-16 18:06:46,1.5,300,00:29:43,--,--,1:59,--
Swimming,2018-04-13 08:51:54,1,200,00:18:55,--,--,1:54,--
Swimming,2018-04-10 16:01:56,1,200,00:19:03,--,--,1:54,--
Running,2018-04-08 10:01:46,10.01,601,00:48:09,139,170,4:49,13
Swimming,2018-04-06 08:30:41,1,200,00:19:53,--,--,1:59,--
Swimming,2018-04-03 16:15:20,1,200,00:18:54,--,--,1:53,--
Running,2018-03-28 11:03:35,10,672,00:48:00,--,--,4:48,--
Swimming,2018-03-26 17:37:27,1,200,00:18:34,--,--,1:51,--
Swimming,2018-03-20 17:01:05,1,200,00:18:03,--,--,1:48,--
Running,2018-03-15 17:16:36,5.01,320,00:23:39,143,172,4:43,--
Swimming,2018-03-13 08:35:24,1,200,00:19:39,--,--,1:58,--
Swimming,2018-03-09 08:11:41,1,200,00:19:11,--,--,1:55,--
Running,2018-03-06 16:27:35,5,364,00:23:18,163,176,4:39,--
Running,2018-03-03 14:12:20,10,672,00:48:00,--,--,4:48,--
Swimming,2018-02-28 08:13:07,1,200,00:19:32,--,--,1:57,--
Running,2018-02-24 15:13:01,6.01,450,00:28:51,163,184,4:48,--
Swimming,2018-02-23 18:01:47,1,200,00:18:55,--,--,1:52,--
Swimming,2018-02-22 16:16:41,1,200,00:19:06,--,--,1:55,--
Swimming,2018-02-21 09:11:53,1.5,300,00:29:18,--,--,1:57,--
Running,2018-02-08 20:54:45,10,755,00:45:59,154,167,4:36,--
Running,2018-02-06 18:31:19,10,715,00:43:31,152,171,4:21,--
Running,2018-02-05 18:57:52,10,737,00:44:51,157,168,4:29,--
Running,2018-01-20 13:54:42,10.01,500,00:50:50,126,152,5:05,39
Swimming,2018-01-18 07:56:32,1,200,00:18:14,--,--,1:49,--
Swimming,2018-01-14 12:37:00,1,200,00:17:37,--,--,1:46,--
Swimming,2018-01-09 08:24:55,1,200,00:18:17,--,--,1:50,--
Swimming,2018-01-06 12:48:28,1,200,00:19:49,--,--,1:59,--
Swimming,2018-01-05 12:31:25,1.5,300,00:28:31,--,--,1:54,--
Swimming,2018-01-04 12:31:45,1.5,300,00:29:10,--,--,1:57,--
Swimming,2018-01-03 12:58:35,1.5,300,00:28:32,--,--,1:54,--
Running,2017-12-28 14:03:49,10.01,651,00:47:14,151,170,4:43,66
Running,2017-12-27 16:40:30,10.01,639,00:48:10,151,168,4:49,65
Running,2017-12-26 15:11:35,10.01,619,00:47:40,151,170,4:46,64
Running,2017-12-25 14:56:46,10.02,636,00:48:58,155,178,4:53,68
Running,2017-12-24 15:42:47,10.01,693,00:51:16,158,175,5:07,61
Running,2017-12-10 16:23:55,10,697,00:56:45,148,164,5:40,34
Swimming,2017-12-07 09:15:38,1,200,00:30:00,--,--,3:00,--
Running,2017-12-06 20:02:35,10.01,546,00:49:32,145,165,4:57,41
Swimming,2017-12-03 12:20:23,1,200,00:17:58,--,--,1:48,--
Running,2017-12-02 13:16:58,10.01,679,00:49:03,167,175,4:54,29
Running,2017-11-30 20:02:55,10.01,734,00:49:43,171,190,4:58,57
Swimming,2017-11-28 07:37:24,1,200,00:18:08,--,--,1:49,--
Swimming,2017-11-25 09:15:30,1,200,00:17:43,--,--,1:46,--
Running,2017-11-22 19:29:12,10.01,752,00:52:23,164,188,5:14,36
Swimming,2017-11-21 07:41:51,1,200,00:17:44,--,--,1:46,--
Swimming,2017-11-19 17:29:46,1.2,240,00:21:15,--,--,1:46,--
Running,2017-11-18 13:27:02,21,1268,01:40:18,153,170,4:47,86
Swimming,2017-11-16 09:10:49,1,200,00:18:09,--,--,1:49,--
Swimming,2017-11-15 08:16:37,1,200,00:18:05,--,--,1:48,--
Swimming,2017-11-12 16:00:23,1.025,205,00:18:37,--,--,1:49,--
Swimming,2017-11-11 15:01:49,1,200,00:18:14,--,--,1:49,--
Swimming,2017-11-09 09:01:00,1,200,00:19:25,--,--,1:57,--
Swimming,2017-11-08 08:21:39,1.025,205,00:18:06,--,--,1:46,--
Swimming,2017-11-05 11:56:16,1,200,00:17:34,--,--,1:45,--
Running,2017-11-04 18:00:18,10,609,00:46:04,155,180,4:36,51
Swimming,2017-11-03 07:45:06,1.025,205,00:18:47,--,--,1:50,--
Swimming,2017-10-30 08:13:33,1,200,00:18:11,--,--,1:49,--
Running,2017-10-28 12:43:25,10.45,655,00:52:17,151,163,5:00,38
Swimming,2017-10-26 08:01:44,1,200,00:18:20,--,--,1:50,--
Swimming,2017-10-25 08:11:10,1,200,00:18:34,--,--,1:51,--
Swimming,2017-10-22 18:05:14,1.5,299,00:29:59,--,--,2:00,--
Running,2017-10-18 20:48:46,10.01,826,00:51:36,171,185,5:09,27
Swimming,2017-10-18 07:54:51,1,200,00:18:51,--,--,1:53,--
Swimming,2017-10-17 07:36:36,1.5,300,00:28:16,--,--,1:53,--
Swimming,2017-10-10 08:00:10,1.5,300,00:28:28,--,--,1:54,--
Running,2017-10-08 13:30:23,21.17,1331,01:25:56,170,182,4:04,93
Swimming,2017-10-07 12:16:39,1.2,240,00:23:41,--,--,1:58,--
Running,2017-10-05 19:20:20,8.89,354,00:45:42,116,157,5:08,7
Swimming,2017-10-04 08:28:47,1,200,00:18:54,--,--,1:53,--
Swimming,2017-10-03 09:41:55,1.5,300,00:28:46,--,--,1:51,--
Cycling,2017-09-30 15:05:25,40.06,922,01:57:41,125,164,2:94,340
Running,2017-09-29 19:05:12,10.01,827,00:53:03,170,202,5:18,--
Swimming,2017-09-28 20:43:19,1,200,00:24:24,--,--,1:55,--
Swimming,2017-09-27 08:23:48,1,200,00:18:51,--,--,1:53,--
Running,2017-09-26 20:27:21,10.01,699,00:49:37,157,175,4:57,7
Swimming,2017-09-26 08:49:43,1,200,00:19:34,--,--,1:58,--
Swimming,2017-09-25 08:24:40,1,200,00:19:15,--,--,1:55,--
Running,2017-09-23 09:44:13,9.71,612,00:47:50,147,164,4:56,8
Swimming,2017-09-22 10:31:04,1.2,240,00:24:01,--,--,2:00,--
Swimming,2017-09-21 11:39:56,1.5,300,00:30:39,--,--,2:03,--
Swimming,2017-09-20 11:26:01,1.525,307,00:31:42,--,--,2:05,--
Running,2017-09-19 18:37:48,10.01,670,00:51:40,151,167,5:10,66
Running,2017-09-18 09:54:08,13.54,1096,01:09:22,171,188,5:07,98
Swimming,2017-09-05 10:07:35,1.25,250,00:24:22,--,--,1:57,--
Swimming,2017-09-03 15:27:41,1,200,00:19:16,--,--,1:56,--
Running,2017-09-03 12:25:10,10.02,673,00:45:00,162,177,4:29,26
Swimming,2017-08-31 21:51:14,1,200,00:24:38,--,--,2:00,--
Running,2017-08-28 19:17:59,10.01,710,00:49:29,159,193,4:57,9
Swimming,2017-08-26 18:46:18,1.5,300,00:29:17,--,--,1:57,--
Swimming,2017-08-22 19:28:31,1.5,300,00:29:23,--,--,1:58,--
Swimming,2017-08-16 21:28:32,1.5,300,00:30:59,--,--,1:56,--
Cycling,2017-08-15 15:17:34,88,2018,02:53:16,155,181,1:96,561
Swimming,2017-08-12 14:28:54,1.5,300,00:30:04,--,--,2:00,--
Swimming,2017-08-08 21:25:54,1.5,300,00:28:39,--,--,1:55,--
Running,2017-08-07 19:46:15,10.01,599,00:45:06,151,176,4:30,45
Swimming,2017-08-05 18:28:26,1.5,300,00:30:49,--,--,2:03,--
Running,2017-08-04 20:44:31,10.01,646,00:53:42,146,161,5:22,21
Running,2017-08-03 19:47:23,10.01,661,00:50:41,150,165,5:04,39
Running,2017-07-31 19:37:46,10,614,00:54:05,142,161,5:24,38
Swimming,2017-07-30 13:07:15,1.5,300,00:30:37,--,--,2:02,--
Running,2017-07-28 19:54:28,21.01,1446,01:44:07,159,178,4:57,65
Swimming,2017-07-25 19:35:56,1.5,300,00:30:20,--,--,2:01,--
Running,2017-07-18 12:06:51,10.13,723,00:52:32,152,168,5:11,51
Running,2017-07-17 15:01:08,14.63,1005,01:09:16,159,176,4:44,253
Swimming,2017-07-14 21:54:40,1.55,310,00:32:18,--,--,2:05,--
Swimming,2017-07-10 20:30:21,1,200,00:19:47,--,--,1:59,--
Swimming,2017-07-08 18:24:37,1,200,00:20:04,--,--,2:00,--
Running,2017-07-08 16:06:21,9.84,657,00:48:56,148,165,4:58,34
Swimming,2017-07-05 21:59:54,1,200,00:19:44,--,--,1:58,--
Running,2017-07-04 19:08:00,8.85,613,00:42:46,157,179,4:50,28
Swimming,2017-07-03 20:37:35,1.5,302,00:30:28,--,--,1:58,--
Swimming,2017-07-01 16:01:45,1.5,300,00:30:16,--,--,2:01,--
Swimming,2017-06-25 20:24:04,0.5,100,00:14:01,--,--,2:48,--
Running,2017-06-25 08:01:22,20.85,1348,01:26:38,168,191,4:09,61
Swimming,2017-06-24 18:43:23,1,200,00:19:33,--,--,1:57,--
Running,2017-06-20 19:09:06,8.48,566,00:37:22,161,184,4:24,29
Swimming,2017-06-19 19:49:29,1.5,301,00:30:18,--,--,2:01,--
Swimming,2017-06-15 12:30:17,1.7,344,00:33:18,--,--,1:58,--
Running,2017-06-14 21:19:50,8.45,602,00:46:19,144,174,5:29,41
Running,2017-06-11 14:22:10,10.25,1362,01:31:38,165,184,8:56,758
Swimming,2017-06-10 15:56:53,1.55,313,00:32:10,--,--,2:05,--
Swimming,2017-06-06 19:11:06,0.9,180,00:17:58,--,--,1:58,--
Swimming,2017-06-05 16:00:20,1.075,215,00:22:09,--,--,2:04,--
Swimming,2017-06-02 18:34:28,1,200,00:20:50,--,--,2:05,--
Swimming,2017-05-31 19:28:59,0.8,160,00:17:17,--,--,2:08,--
Swimming,2017-05-25 16:50:04,1.05,211,00:21:31,--,--,2:03,--
Running,2017-05-23 19:03:32,8.28,502,00:37:47,148,178,4:34,27
Running,2017-05-20 14:08:50,21.3,1451,01:30:34,172,187,4:15,232
Running,2017-05-16 19:15:10,10.01,653,00:45:49,155,174,4:35,16
Swimming,2017-05-13 13:41:52,1,200,00:20:42,--,--,2:04,--
Running,2017-05-09 19:03:18,8.62,606,00:38:15,167,184,4:26,34
Swimming,2017-05-08 19:23:50,1.05,212,00:19:49,--,--,1:53,--
Swimming,2017-05-01 16:48:14,1.05,213,00:19:37,--,--,1:49,--
Running,2017-04-30 13:48:20,20.01,1412,01:33:58,162,168,4:42,61
Running,2017-04-25 19:20:37,7.34,411,00:30:41,145,173,4:11,22
Swimming,2017-04-24 20:17:40,1.5,303,00:30:07,--,--,2:00,--
Swimming,2017-04-22 15:44:52,1,200,00:19:56,--,--,2:00,--
Swimming,2017-04-20 19:40:49,1,200,00:21:35,--,--,2:10,--
Swimming,2017-04-18 19:30:22,1.05,210,00:22:18,--,--,2:07,--
Running,2017-04-17 10:43:06,20.01,1277,01:35:30,157,176,4:46,91
Swimming,2017-04-02 18:56:32,0.75,300,00:16:03,--,--,2:08,--
Running,2017-03-30 17:05:55,10.01,614,00:55:36,143,169,5:33,59
Running,2017-03-28 13:10:50,9.25,555,00:42:13,153,172,4:34,14
Running,2017-03-25 17:40:01,16.03,1063,01:16:14,164,183,4:45,80
Swimming,2017-03-24 19:25:48,1.5,300,00:32:55,--,--,2:12,--
Running,2017-03-21 17:32:38,20.02,1302,01:30:51,164,183,4:32,90
Running,2017-03-09 20:44:06,10.01,664,00:47:37,156,172,4:45,12
Cycling,2017-03-04 12:49:32,51.1,1549,02:54:28,136,170,3:02,333
Running,2017-03-03 18:13:43,10.01,658,00:46:07,158,177,4:36,26
Swimming,2017-01-05 17:46:02,0.525,89,00:22:18,--,--,4:15,--
Running,2016-12-26 15:24:49,12.01,700,00:53:20,154,172,4:26,100
Running,2016-11-27 18:10:50,17.3,1084,01:20:01,158,174,4:37,50
Swimming,2016-11-21 20:29:48,0.675,144,00:15:12,--,--,2:02,--
Running,2016-11-19 15:15:43,21,1304,01:32:06,166,184,4:23,76
Running,2016-11-08 18:13:35,10.19,808,00:50:09,173,187,4:55,23
Swimming,2016-11-07 20:21:36,0.575,115,00:11:42,--,--,2:02,--
Running,2016-10-30 13:34:00,12.06,1186,02:23:54,128,177,11:56,545
Running,2016-09-28 17:10:32,5.51,355,00:25:28,152,168,4:37,8
Running,2016-09-27 17:44:31,10.01,696,00:49:54,152,169,4:59,7
Running,2016-09-26 17:04:02,10,654,00:47:15,152,168,4:43,15
Running,2016-09-15 19:40:11,20.08,1187,01:35:35,153,181,4:46,60
Running,2016-09-13 19:06:41,7.8,518,00:43:53,141,161,5:38,45
Swimming,2016-09-09 17:03:50,1,200,00:20:09,--,--,2:01,--
Swimming,2016-09-08 18:00:01,1.5,300,00:34:55,--,--,2:20,--
Swimming,2016-09-07 18:01:12,1,200,00:21:15,--,--,2:08,--
Swimming,2016-09-06 18:19:35,1.5,300,00:29:34,--,--,1:57,--
Swimming,2016-09-02 20:29:22,1,200,00:23:27,--,--,2:21,--
Running,2016-08-30 19:08:35,6.13,350,00:23:35,163,181,3:51,13
Cycling,2016-08-26 17:08:36,20.07,283,00:50:11,102,128,2:5,129
Cycling,2016-08-25 15:40:34,50.27,605,02:15:48,75,98,2:7,393
Swimming,2016-08-22 20:07:36,1,200,00:21:07,--,--,2:07,--
Running,2016-08-21 18:59:33,7,401,00:32:53,146,176,4:42,26
Swimming,2016-08-18 20:20:23,2,400,00:45:04,--,--,2:15,--
Cycling,2016-08-18 19:46:30,3.55,165,00:15:43,136,149,4:4,--
Cycling,2016-08-18 09:03:40,8.2,279,00:26:20,132,149,3:20,26
Running,2016-08-14 12:11:40,6.01,594,00:37:54,170,196,6:19,23
Running,2016-08-14 10:27:06,7.42,1043,01:18:06,161,185,10:31,1.011
Swimming,2016-08-12 20:30:44,1.5,300,00:33:43,--,--,2:15,--
Running,2016-08-11 19:47:44,10.01,607,00:44:01,155,172,4:24,23
Swimming,2016-08-08 20:11:11,1.5,300,00:31:53,--,--,2:08,--
Running,2016-08-07 11:08:07,17.01,1117,01:15:47,166,178,4:27,506
Swimming,2016-08-05 20:04:00,1.1,220,00:25:45,--,--,2:20,--
Running,2016-08-02 19:10:19,10,656,00:50:24,149,168,5:02,358
Swimming,2016-08-01 16:21:28,0.55,80,00:44:09,--,--,7:49,--
Running,2016-07-26 19:15:08,8.16,540,00:42:39,153,177,5:14,257
Swimming,2016-07-25 20:13:22,1.05,210,00:24:34,--,--,2:17,--
Running,2016-07-24 19:49:00,19.01,1236,01:36:25,152,168,5:04,465
Swimming,2016-07-18 20:04:54,1.55,310,00:34:03,--,--,2:12,--
Swimming,2016-07-14 08:33:39,1.5,299,00:35:55,--,--,2:24,--
Running,2016-07-11 18:45:09,21.01,1502,01:51:01,155,183,5:17,183
Swimming,2016-07-04 20:18:15,0.8,160,00:16:19,--,--,2:01,--
Swimming,2016-07-01 19:58:27,2,400,00:44:49,--,--,2:14,--
Running,2016-06-30 19:31:04,20.01,1413,01:30:26,167,197,4:31,68
Running,2016-06-28 19:10:57,8.01,556,00:38:56,155,179,4:52,38
Swimming,2016-06-27 20:16:53,1.325,268,00:30:17,--,--,2:17,--
Running,2016-06-21 19:06:48,6.97,446,00:30:59,152,169,4:27,30
Swimming,2016-06-20 20:56:18,0.8,160,00:19:08,--,--,2:23,--
Swimming,2016-06-15 04:24:03,1.5,300,00:30:15,--,--,2:01,--
Swimming,2016-06-11 20:22:24,3.725,100,00:38:06,--,--,2:04,--
Swimming,2016-06-10 04:57:18,1.3,260,00:28:58,--,--,2:13,--
Running,2016-06-05 10:25:44,10.93,768,00:51:32,158,173,4:43,44
Swimming,2016-05-30 20:18:13,1.35,270,00:30:14,--,--,2:14,--
Running,2016-05-29 12:58:19,6.97,498,00:33:01,158,172,4:44,22
Cycling,2016-05-28 10:58:03,90.67,2251,03:43:50,141,181,2:46,503
Swimming,2016-05-27 19:17:45,1.5,300,00:35:13,--,--,2:21,--
Running,2016-05-26 19:05:09,10.01,600,00:43:16,161,173,4:19,25
Cycling,2016-05-05 10:24:29,81.91,2051,03:47:25,119,161,2:77,675
Running,2016-04-12 19:21:38,5.51,391,00:20:40,--,--,3:45,22
Running,2016-04-09 16:56:15,10,729,00:45:47,--,--,4:35,35
Running,2016-04-05 19:13:57,5.87,418,00:27:21,--,--,4:40,11
Running,2016-04-02 15:27:41,20.65,1521,01:38:04,--,--,4:45,37
Running,2016-03-29 19:11:49,7.31,522,00:59:24,--,--,8:08,29
Running,2016-03-26 12:38:21,21,153,01:31:02,--,--,4:20,79
Running,2016-03-20 09:57:00,5.39,391,00:23:39,--,--,4:23,11
Running,2016-03-15 19:16:00,5,317,00:16:14,--,--,3:15,3
Running,2016-02-21 13:13:22,21.01,1528,01:34:41,--,--,4:30,82
Running,2016-02-16 19:05:50,8.95,671,00:58:03,--,--,6:29,42
Running,2016-02-07 14:28:23,20.03,1488,01:27:21,--,--,4:22,72
Running,2016-02-05 13:11:52,8.86,664,00:45:30,--,--,5:08,47
Running,2016-01-26 19:03:38,8.34,625,00:44:45,--,--,5:22,31
Running,2016-01-24 13:24:08,10,745,00:42:41,--,--,4:16,42
Running,2016-01-19 19:10:55,8.43,622,00:40:01,--,--,4:45,29
Running,2016-01-17 14:12:09,10,730,00:46:17,--,--,4:38,28
Running,2015-12-27 16:06:37,9.37,679,00:42:59,--,--,4:35,50
Running,2015-12-26 15:28:19,9.3,683,00:44:24,--,--,4:47,52
Running,2015-12-12 13:55:57,6.8,507,01:14:19,--,--,10:56,49
Running,2015-12-08 19:04:29,8.89,655,00:43:03,--,--,4:50,27
Running,2015-12-06 14:26:31,20.01,1457,01:29:05,--,--,4:27,70
Running,2015-12-01 19:05:27,4.44,332,00:45:52,--,--,10:20,22
Running,2015-11-26 20:24:39,10,733,00:49:53,--,--,4:59,33
Running,2015-11-10 21:01:48,20.01,1483,01:35:12,--,--,4:45,74
Running,2015-10-31 12:24:36,10,737,00:50:08,--,--,5:01,31
Running,2015-10-25 10:01:47,12.04,891,00:54:14,--,--,4:30,37
Running,2015-10-24 16:32:29,10,733,00:46:18,--,--,4:38,28
Running,2015-10-20 19:07:37,9.81,697,00:50:57,--,--,5:12,32
Running,2015-10-13 19:09:06,8.6,638,00:43:25,--,--,5:03,24
Running,2015-10-11 18:03:58,10,726,00:52:21,--,--,5:14,28
Running,2015-10-06 19:09:28,8.58,612,00:51:20,--,--,5:59,23
Running,2015-10-04 13:13:51,10.04,736,00:55:57,--,--,5:34,43
Running,2015-09-29 19:03:54,7.86,582,00:50:06,--,--,6:23,38
Running,2015-09-26 12:54:32,10.9,799,01:06:30,--,--,6:06,41
Running,2015-09-22 19:04:03,8.51,619,00:55:06,--,--,6:29,44
Running,2015-09-10 11:17:39,7.49,566,00:48:15,--,--,6:27,20
Running,2015-08-18 19:19:47,7.69,549,00:58:46,--,--,7:39,31
Running,2015-07-14 19:02:09,8.78,580,01:03:52,--,--,7:16,27
Running,2015-07-07 19:04:54,10.16,742,00:46:37,--,--,4:35,42
Running,2015-06-28 10:36:39,10.2,740,00:37:52,--,--,3:43,31
Running,2015-06-23 19:19:10,5,347,00:20:26,--,--,4:05,17
Running,2015-06-16 19:09:33,13.38,806,01:24:13,--,--,6:18,174
Running,2015-06-06 12:41:23,10,721,00:43:55,--,--,4:24,129
Cycling,2015-05-31 12:07:47,47.07,2402,02:46:37,--,--,3:52,260
Running,2015-05-30 14:59:55,20.38,1476,01:38:45,--,--,4:51,161
Running,2015-05-26 19:08:29,2.9,210,00:54:46,--,--,18:54,17
Running,2015-05-21 11:03:26,11.39,821,01:02:30,--,--,5:29,228
Running,2015-05-19 20:37:52,9.49,710,00:46:41,--,--,4:55,41
Running,2015-05-17 08:28:53,21.29,1557,01:22:22,--,--,3:52,63
Running,2015-05-12 19:18:11,6.47,465,00:24:03,--,--,3:43,24
Running,2015-05-09 10:33:15,10,721,00:40:59,--,--,4:06,36
Running,2015-05-05 19:16:27,6.07,418,00:20:32,--,--,3:23,16
Running,2015-05-02 14:08:15,10,718,00:40:23,--,--,4:02,26
Running,2015-04-28 19:04:38,10.6,743,00:58:38,--,--,5:32,35
Running,2015-04-25 16:31:32,7.01,522,00:35:23,--,--,5:03,31
Running,2015-04-21 19:10:01,5.57,433,00:30:03,--,--,5:24,21
Cycling,2015-04-19 12:56:47,50.08,2501,02:23:10,--,--,2:85,215
Running,2015-04-12 08:54:50,42.45,3046,02:58:13,--,--,4:12,202
Running,2015-04-03 14:51:46,5.86,420,00:34:33,--,--,5:54,18
Running,2015-03-29 12:35:54,10.56,771,00:44:27,--,--,4:13,30
Running,2015-03-25 21:49:11,7.08,531,00:49:15,--,--,6:58,42
Running,2015-03-22 09:49:47,11.3,822,01:03:56,--,--,5:39,37
Running,2015-03-18 19:33:23,10,715,00:39:17,--,--,3:56,32
Running,2015-03-15 14:38:14,18.02,1313,01:18:34,--,--,4:22,45
Running,2015-03-07 13:53:55,19.42,1412,01:22:35,--,--,4:15,66
Running,2015-03-03 19:06:29,8.59,615,00:56:56,--,--,6:37,70
Running,2015-03-01 11:23:16,20.12,1472,01:25:43,--,--,4:16,56
Running,2015-02-23 09:15:35,10,728,00:42:01,--,--,4:12,26
Running,2015-02-16 19:20:27,10,729,00:44:35,--,--,4:27,41
Running,2015-02-11 19:50:05,9.24,670,00:56:12,--,--,6:05,71
Running,2015-02-03 19:06:48,9.8,709,00:43:29,--,--,4:26,39
Running,2015-01-30 08:45:57,5.59,416,00:25:36,--,--,4:35,32
Running,2015-01-29 20:02:56,15.48,1117,01:03:56,--,--,4:08,65
Running,2015-01-27 19:07:55,9.81,708,00:46:29,--,--,4:44,27
Running,2015-01-25 14:35:17,17.31,127,01:16:04,--,--,4:24,61
Running,2015-01-20 19:05:57,10.16,735,00:47:40,--,--,4:42,35
Running,2015-01-18 16:26:16,10.01,722,00:40:55,--,--,4:05,32
Running,2015-01-16 20:08:43,10.02,728,00:42:44,--,--,4:16,38
Running,2015-01-14 22:37:13,10,737,00:51:04,--,--,5:06,47
Running,2015-01-12 21:00:58,19.36,1412,01:27:49,--,--,4:32,52
Running,2015-01-10 16:57:40,15.12,1114,01:15:34,--,--,5:00,68
Running,2015-01-04 12:12:43,10.02,731,00:58:30,--,--,5:50,22
Running,2014-12-30 15:12:47,5.7,425,00:40:43,--,--,7:08,39
Running,2014-12-28 11:59:38,21.06,1561,01:43:39,--,--,4:55,23
Running,2014-12-25 10:33:33,11.84,856,01:10:47,--,--,5:59,231
Running,2014-12-23 16:42:19,14.81,1085,01:03:12,--,--,4:16,61
Running,2014-12-21 09:43:49,21.02,1547,01:41:11,--,--,4:49,75
Running,2014-12-19 01:23:49,10.78,787,00:48:57,--,--,4:32,38
Running,2014-12-17 07:21:08,8.01,590,00:38:13,--,--,4:46,25
Running,2014-12-14 13:24:58,18.59,1365,01:42:35,--,--,5:31,100
Running,2014-12-09 19:04:18,10.07,710,00:49:00,--,--,4:52,43
Running,2014-12-06 11:09:00,19.28,1415,01:27:48,--,--,4:33,54
Running,2014-12-02 19:03:11,10.96,768,01:00:04,--,--,5:29,39
Running,2014-11-29 13:31:38,10.67,782,00:48:08,--,--,4:31,33
Running,2014-11-25 19:04:44,10.2,734,00:54:31,--,--,5:21,34
Running,2014-11-24 18:08:33,9.31,795,00:53:53,--,--,5:47,27
Running,2014-11-17 18:55:23,8.06,679,00:49:51,--,--,6:11,30
Running,2014-11-08 15:56:10,10.76,921,01:04:13,--,--,5:58,88
Running,2014-11-07 08:50:23,10.3,657,00:49:38,149,159,4:49,36
Running,2014-11-03 21:16:35,10.35,607,00:53:18,143,163,5:09,40
Cycling,2014-11-02 11:40:00,47.3,3275,03:09:21,--,--,4:00,357
Running,2014-11-01 11:20:44,10.46,657,00:51:44,154,191,4:57,38
Running,2014-10-26 16:30:18,7.4,630,00:42:49,--,--,5:47,59
Running,2014-10-26 07:00:00,40.28,3184,03:00:39,173,183,4:29,78
Running,2014-10-21 08:05:55,6.73,551,00:53:07,--,--,7:54,114
Running,2014-10-21 07:57:03,6.41,441,00:29:42,150,163,4:38,18
Running,2014-10-18 16:14:22,6.65,459,00:30:42,150,160,4:37,17
Running,2014-10-12 17:45:08,7.32,623,00:45:57,--,--,6:17,51
Running,2014-10-12 12:01:11,20.89,1466,01:29:20,164,175,4:17,67
Running,2014-10-03 11:32:31,20.05,1249,01:28:32,154,166,4:25,48
Running,2014-09-28 12:35:59,12,781,00:53:37,150,162,4:28,42
Running,2014-09-24 19:51:35,20.03,1237,01:28:13,153,166,4:24,51
Running,2014-09-21 13:13:21,10.28,793,01:25:10,--,--,8:17,106
Running,2014-09-21 12:09:10,20.08,1348,01:24:48,163,174,4:13,56
Running,2014-09-18 18:36:49,7.45,628,00:43:46,--,--,5:53,58
Running,2014-09-16 22:48:58,20.17,1283,01:30:01,155,166,4:28,48
Running,2014-09-16 16:32:58,7.31,624,00:44:56,--,--,6:09,60
Running,2014-09-14 14:04:39,10,644,00:37:36,168,184,3:45,14
Running,2014-09-14 12:01:37,10.83,918,01:07:56,--,--,6:16,90
Running,2014-09-13 10:37:47,12.42,1075,01:27:52,--,--,7:05,133
Running,2014-09-08 08:36:09,10.89,923,01:14:58,--,--,6:53,82
Running,2014-09-07 11:57:57,20,1351,01:26:36,161,172,4:20,41
Running,2014-09-05 08:31:46,11.01,914,01:29:31,--,--,8:08,94
Running,2014-09-05 06:59:55,5.04,396,00:21:28,--,--,4:16,24
Running,2014-09-04 07:04:51,5.02,382,00:21:45,--,--,4:20,26
Running,2014-09-03 07:05:24,5.74,456,00:39:50,--,--,6:56,49
Running,2014-08-29 21:52:08,20.2,1406,01:27:16,162,174,4:19,45
Running,2014-08-24 08:32:08,11.03,938,01:16:20,--,--,6:55,99
Running,2014-08-17 14:33:18,16.76,1096,01:08:52,164,177,4:06,48
Running,2014-08-15 10:54:13,11.01,937,01:10:25,--,--,6:24,84
Running,2014-08-13 21:26:50,12.01,803,00:50:51,159,168,4:14,33
Running,2014-08-09 11:59:02,11.72,777,00:48:12,165,175,4:07,37
Running,2014-08-06 10:39:18,20.34,1413,01:27:39,161,169,4:19,77
Running,2014-08-05 08:52:41,10.2,860,01:21:23,--,--,7:59,89
Running,2014-08-01 09:27:43,9.21,622,00:37:14,161,170,4:03,18
Running,2014-07-30 08:52:54,10.44,886,01:13:24,--,--,7:02,89
Running,2014-07-28 21:48:09,12.03,797,00:48:51,160,170,4:10,35
Running,2014-07-28 20:43:19,10.93,940,01:10:07,--,--,6:25,84
Running,2014-07-26 15:05:24,13.37,884,00:54:24,162,178,4:04,49
Running,2014-07-25 18:21:30,8.01,686,00:44:25,--,--,5:33,149
Running,2014-07-23 20:33:34,20.84,1321,01:29:00,159,173,4:16,59
Running,2014-07-20 19:05:26,11.18,966,01:11:52,--,--,6:26,91
Running,2014-07-19 16:02:13,23.05,1917,01:33:06,--,--,4:02,42
Running,2014-07-19 15:00:40,12.49,849,00:50:08,--,--,4:01,20
Running,2014-07-18 21:05:53,12.04,802,00:49:54,164,174,4:09,40
Running,2014-07-16 20:56:44,5.88,362,00:25:58,151,171,4:25,18
Running,2014-07-15 20:29:41,6.38,537,00:36:29,--,--,5:43,64
Running,2014-07-13 09:26:42,9.13,764,01:03:33,--,--,6:58,46
Running,2014-07-11 21:34:44,16.91,1066,01:11:13,160,169,4:13,43
Running,2014-07-11 09:53:34,10.7,915,01:11:26,--,--,6:41,187
Running,2014-07-09 06:38:53,10.73,854,01:22:57,--,--,7:44,255
Running,2014-07-08 06:33:16,10.81,868,01:22:10,--,--,7:36,257
Running,2014-07-05 15:07:02,11.72,755,00:48:31,165,176,4:08,34
Running,2014-06-21 14:34:10,20.01,1401,01:26:20,166,177,4:19,76
Running,2014-06-14 15:13:45,21.03,1356,01:27:53,164,176,4:11,54
Running,2014-06-10 21:00:36,16.17,1045,01:10:08,158,170,4:20,58
Running,2014-06-04 18:52:07,15.81,1033,01:08:09,162,172,4:19,46
Cycling,2014-05-31 09:27:10,36.12,2443,02:11:40,--,--,3:63,326
Running,2014-05-27 21:05:46,19.2,1242,01:21:31,162,169,4:15,53
Cycling,2014-05-25 12:37:16,55.15,1919,04:24:58,121,178,4:8,314
Running,2014-05-22 02:47:24,4.49,395,00:28:52,148,157,6:26,7
Running,2014-05-21 09:15:58,7.02,455,00:28:55,165,177,4:07,28
Running,2014-05-18 18:05:07,21.29,1387,01:31:39,164,173,4:18,48
Running,2014-05-15 21:35:47,19.7,1268,01:36:22,148,170,4:54,66
Running,2014-05-12 21:41:25,19.08,1177,01:21:48,158,168,4:17,58
Running,2014-05-08 21:19:46,12.02,783,00:51:12,159,169,4:16,32
Running,2014-05-05 23:26:07,11.85,728,00:54:29,150,161,4:36,43
Running,2014-05-05 13:28:47,11.27,958,01:10:39,--,--,6:16,86
Running,2014-05-01 16:09:19,4.76,393,00:26:38,156,171,5:36,16
Running,2014-05-01 11:15:29,6.56,435,00:28:48,160,171,4:24,24
Running,2014-04-30 09:20:47,13.61,1091,01:49:22,--,--,8:02,123
Running,2014-04-27 15:48:45,10.1,873,01:09:37,--,--,6:54,110
Running,2014-04-26 16:51:13,11.23,947,01:19:17,--,--,7:04,91
Running,2014-04-23 08:42:46,6.02,512,00:37:56,--,--,6:18,26
Running,2014-04-18 07:43:38,12.81,1079,01:19:02,--,--,6:10,47
Running,2014-04-16 17:41:15,5.31,427,00:39:46,--,--,7:30,24
Running,2014-04-09 20:26:01,16.89,1056,01:18:25,154,166,4:39,45
Running,2014-04-06 19:08:03,10.81,932,01:08:43,--,--,6:22,95
Running,2014-04-06 13:47:59,21.19,1331,01:37:54,158,169,4:37,202
Running,2014-04-02 23:51:26,11.26,760,00:53:13,155,169,4:43,132
Running,2014-03-30 19:16:53,16.56,969,01:19:09,150,166,4:47,188
Running,2014-03-27 08:25:24,14.66,935,01:13:03,149,170,4:59,49
Running,2014-03-24 20:36:24,11.78,746,00:56:03,152,162,4:46,35
Running,2014-03-20 21:11:43,11.69,701,00:59:15,147,167,5:05,29
Running,2014-03-16 08:32:43,42.67,2824,03:23:27,163,171,4:46,300
Running,2014-03-09 12:42:02,4.82,316,00:25:22,144,165,5:16,15
Running,2014-03-04 20:23:59,4.04,258,00:17:41,154,167,4:23,11
Cycling,2014-03-02 13:34:35,48.67,3305,02:58:53,--,--,3:68,197
Running,2014-02-28 19:06:40,11.43,745,00:48:37,164,175,4:15,36
Running,2014-02-26 16:00:31,7.86,537,00:34:06,166,175,4:20,12
Running,2014-02-18 21:42:08,14,825,00:59:29,156,171,4:15,--
Running,2014-02-15 15:18:05,8.22,658,01:00:17,--,--,7:20,54
Running,2014-02-11 21:14:17,14,866,01:06:17,153,172,4:43,--
Running,2014-02-06 20:10:02,24,1498,01:49:15,157,171,--,--
Running,2014-02-03 21:40:13,14,942,01:04:10,158,178,4:35,--
Running,2014-01-25 13:00:41,38.21,2286,03:00:34,153,175,4:43,158
Running,2014-01-19 15:32:10,24.1,1557,01:48:33,162,172,4:30,87
Running,2014-01-15 20:50:25,11.55,726,00:49:31,163,174,4:17,52
Running,2014-01-11 12:21:15,19.65,1292,01:27:18,167,177,4:27,41
Running,2014-01-06 13:05:46,8.84,621,00:39:32,168,176,4:28,49
Running,2014-01-04 11:46:36,10.15,791,00:46:28,--,--,4:35,79
Running,2014-01-03 08:20:44,10.11,664,00:46:14,158,167,4:34,61
Running,2013-12-29 11:21:00,9.59,623,00:43:47,160,176,4:34,294
Running,2013-12-27 11:24:15,10.01,695,00:49:19,161,185,4:56,44
Running,2013-12-26 14:13:24,10.06,653,00:43:35,171,182,4:20,44
Running,2013-12-25 11:05:36,11.28,705,00:48:40,177,187,4:19,1.623
Running,2013-12-08 15:59:02,6.22,538,00:37:41,--,--,6:04,45
Running,2013-09-21 17:03:16,10.56,897,01:01:49,--,--,5:51,83
Running,2013-09-17 17:11:03,13.83,1186,01:25:16,--,--,6:10,139
Running,2013-09-14 17:00:52,9.08,798,01:08:53,150,169,7:35,78
Running,2013-06-23 09:00:00,21.1,1357,01:39:16,--,--,4:41,--
